"FULLADDR","BLOCKLOT","Ownership","Orig_Criteria","Current_Criteria","VRPA"
"1119 W LOMBARD ST","0250 049","City","In Rem Eligible VBN","In Rem Eligible VBN","Southwest Partnership IIA"
"114 S ARLINGTON AVE","0250 065","Private","VBNs with open permits for increment","Tranche Zero permits expired","Southwest Partnership IIA"
"1108 HARLEM AVE","0103 024","Private","VBNs with open permits for increment","Tranche Zero permits expired","Harlem Park"
"1104 HARLEM AVE","0103 026","Private","MCC-owned VBN","MCC-owned VBN","Harlem Park"
"1317 VALLEY ST","1144 009","City","MCC-owned VBN","MCC-owned VBN","Johnston Square IIA"
"1319 VALLEY ST","1144 010","City","MCC-owned VBN","MCC-owned VBN","Johnston Square IIA"
"1325 VALLEY ST","1144 013","Private","Vacant Buildings Necessary for Development Project","Vacant Buildings Necessary for Development Project","Johnston Square IIA"
"1329 VALLEY ST","1144 015","Private","Vacant Buildings Necessary for Development Project","Vacant Buildings Necessary for Development Project","Johnston Square IIA"
"1308 ENSOR ST","1144 044","City","MCC-owned VBN","MCC-owned VBN","Johnston Square IIA"
"910 E PRESTON ST","1144 059","City","Vacant Buildings Necessary for Development Project","Vacant Buildings Necessary for Development Project","Johnston Square IIA"
"1302 AISQUITH ST","1145 017","Private","VBNs with open permits for increment","Tranche Zero permits expired","Oliver Strategic Blocks"
"1308 AISQUITH ST","1145 020","City","In Rem Eligible VBN","In Rem Eligible VBN","Oliver Strategic Blocks"
"1310 AISQUITH ST","1145 021","City","In Rem Eligible VBN","In Rem Eligible VBN","Oliver Strategic Blocks"
"1316 AISQUITH ST","1145 024","City","In Rem Eligible VBN","In Rem Eligible VBN","Oliver Strategic Blocks"
"917 HARLEM AVE","0116 031","Private","Vacant Buildings Necessary for Development Project","Vacant Buildings Necessary for Development Project","Harlem Park"
"919 HARLEM AVE","0116 032","Private","Vacant Buildings Necessary for Development Project","Vacant Buildings Necessary for Development Project","Harlem Park"
"921 HARLEM AVE","0116 033","Private","Vacant Buildings Necessary for Development Project","Vacant Buildings Necessary for Development Project","Harlem Park"
"923 HARLEM AVE","0116 034","Private","Vacant Buildings Necessary for Development Project","Vacant Buildings Necessary for Development Project","Harlem Park"
"925 HARLEM AVE","0116 035","Private","Vacant Buildings Necessary for Development Project","Vacant Buildings Necessary for Development Project","Harlem Park"
"936 HARLEM AVE","0104 035","Private","MCC-owned VBN","MCC-owned VBN","Harlem Park"
"926 HARLEM AVE","0104 040","City","MCC-owned VBN","MCC-owned VBN","Harlem Park"
"1622 W SARATOGA ST","0150 048","Private","VBNs with open permits for increment","Tranche Zero permits expired","Southwest Partnership IIA"
"1616 W SARATOGA ST","0150 051","Private","VBNs with open permits for increment","Tranche Zero permits expired","Southwest Partnership IIA"
"1309 VALLEY ST","1144 005","Private","Vacant Buildings Necessary for Development Project","Vacant Buildings Necessary for Development Project","Johnston Square IIA"
"1306 W PRATT ST","0248 040","City","MCC-owned VBN","MCC-owned VBN","Southwest Partnership IIA"
"106 S CAREY ST","0248 055","Private","In Rem Eligible VBN","In Rem Eligible VBN","Southwest Partnership IIA"
"223 S VINCENT ST","0262 079","City","In Rem Eligible VBN","In Rem Eligible VBN","Southwest Partnership IIA"
"229 S VINCENT ST","0262 082","City","In Rem Eligible VBN","In Rem Eligible VBN","Southwest Partnership IIA"
"210 S VINCENT ST","0262 092","City","In Rem Eligible VBN","In Rem Eligible VBN","Southwest Partnership IIA"
"206 S VINCENT ST","0262 094","City","In Rem Eligible VBN","In Rem Eligible VBN","Southwest Partnership IIA"
"730 E PRESTON ST","1142B028","Private","MCC-owned VBN","MCC-owned VBN","Johnston Square IIA"
"1314 HOMEWOOD AVE","1142B042","City","Vacant Buildings Necessary for Development Project","Vacant Buildings Necessary for Development Project","Johnston Square IIA"
"1316 HOMEWOOD AVE","1142B043","City","MCC-owned VBN","MCC-owned VBN","Johnston Square IIA"
"1318 HOMEWOOD AVE","1142B044","City","MCC-owned VBN","MCC-owned VBN","Johnston Square IIA"
"1302 VALLEY ST","1143 036","City","MCC-owned VBN","MCC-owned VBN","Johnston Square IIA"
"1308 VALLEY ST","1143 039","City","In Rem Eligible VBN","In Rem Eligible VBN","Johnston Square IIA"
"1310 VALLEY ST","1143 040","City","MCC-owned VBN","MCC-owned VBN","Johnston Square IIA"
"1314 MCHENRY ST","0265 055","City","In Rem Eligible VBN","In Rem Eligible VBN","Southwest Partnership IIA"
"1312 MCHENRY ST","0265 056","City","In Rem Eligible VBN","In Rem Eligible VBN","Southwest Partnership IIA"
"1324 W PRATT ST","0248 031","Private","VBNs with open permits for increment","Tranche Zero permits expired","Southwest Partnership IIA"
"548 MCMECHEN ST","0347 052","City","MCC-owned VBN","MCC-owned VBN","West IIA/WNADA"
"322 S WOODYEAR ST","0281 012","Private","In Rem Eligible VBN","In Rem Eligible VBN","Southwest Partnership IIA"
"640 N CARROLLTON AVE","0113 021","Private","VBNs with open permits for increment","Tranche Zero permits expired","Harlem Park"
"1204 MYRTLE AVE","0411 003","City","ARPA Acquisition","ARPA Acquisition","West IIA/WNADA"
"703 W LANVALE ST","0411 012","City","In Rem Eligible VBN","In Rem Eligible VBN","West IIA/WNADA"
"538 N CARROLLTON AVE","0126 019","Private","In Rem Eligible VBN","In Rem Eligible VBN","Harlem Park"
"1203 ARGYLE AVE","0413 042","Private","VBNs with open permits for increment","VBNs with open permits for increment","West IIA/WNADA"
"1316 DIVISION ST","0414 035","Private","ARPA Acquisition","ARPA Acquisition","West IIA/WNADA"
"1318 DIVISION ST","0414 036","Private","VBNs with open permits for increment","Tranche Zero permits expired","West IIA/WNADA"
"1232 W LANVALE ST","0090 035","Private","Other VBN Acquisition on Priority Block","Other VBN Acquisition on Priority Block","Harlem Park"
"1230 W LANVALE ST","0090 036","Private","Other VBN Acquisition on Priority Block","Other VBN Acquisition on Priority Block","Harlem Park"
"1228 W LANVALE ST","0090 037","Private","Other VBN Acquisition on Priority Block","Other VBN Acquisition on Priority Block","Harlem Park"
"1226 W LANVALE ST","0090 038","Private","Other VBN Acquisition on Priority Block","Other VBN Acquisition on Priority Block","Harlem Park"
"1603 W MULBERRY ST","0150 017","Private","VBNs with open permits for increment","Tranche Zero permits expired","Southwest Partnership IIA"
"1605 W MULBERRY ST","0150 018","Private","VBNs with open permits for increment","VBNs with open permits for increment","Southwest Partnership IIA"
"1607 W MULBERRY ST","0150 019","Private","VBNs with open permits for increment","Tranche Zero permits expired","Southwest Partnership IIA"
"1609 W MULBERRY ST","0150 020","City","MCC-owned VBN","MCC-owned VBN","Southwest Partnership IIA"
"1627 W MULBERRY ST","0150 029","Private","VBNs with open permits for increment","VBNs with open permits for increment","Southwest Partnership IIA"
"1310 MYRTLE AVE","0392 006","City","MCC-owned VBN","MCC-owned VBN","West IIA/WNADA"
"1312 MYRTLE AVE","0392 007","Private","In Rem Eligible VBN","In Rem Eligible VBN","West IIA/WNADA"
"1316 MYRTLE AVE","0392 009","City","MCC-owned VBN","MCC-owned VBN","West IIA/WNADA"
"1318 MYRTLE AVE","0392 010","Private","In Rem Eligible VBN","In Rem Eligible VBN","West IIA/WNADA"
"1320 MYRTLE AVE","0392 011","City","MCC-owned VBN","MCC-owned VBN","West IIA/WNADA"
"1322 MYRTLE AVE","0392 012","Private","In Rem Eligible VBN","In Rem Eligible VBN","West IIA/WNADA"
"1324 MYRTLE AVE","0392 013","City","MCC-owned VBN","MCC-owned VBN","West IIA/WNADA"
"1332 MYRTLE AVE","0392 017","City","MCC-owned VBN","MCC-owned VBN","West IIA/WNADA"
"762 DOLPHIN ST","0411 041","City","MCC-owned VBN","MCC-owned VBN","West IIA/WNADA"
"760 DOLPHIN ST","0411 042","Private","VBNs with open permits for increment","VBNs with open permits for increment","West IIA/WNADA"
"752 DOLPHIN ST","0411 046","Private","VBNs with open permits for increment","Tranche Zero permits expired","West IIA/WNADA"
"722 DOLPHIN ST","0411 061","Private","VBNs with open permits for increment","Tranche Zero permits expired","West IIA/WNADA"
"1215 MYRTLE AVE","0412 038","Private","In Rem Eligible VBN","In Rem Eligible VBN","West IIA/WNADA"
"1207 MYRTLE AVE","0412 042","Private","VBNs with open permits for increment","VBNs with open permits for increment","West IIA/WNADA"
"1328 DIVISION ST","0414 041","Private","VBNs with open permits for increment","VBNs with open permits for increment","West IIA/WNADA"
"1330 DIVISION ST","0414 042","Private","VBNs with open permits for increment","VBNs with open permits for increment","West IIA/WNADA"
"1334 DIVISION ST","0414 044","Private","ARPA Acquisition","ARPA Acquisition","West IIA/WNADA"
"1338 DIVISION ST","0414 046","City","In Rem Eligible VBN","In Rem Eligible VBN","West IIA/WNADA"
"1344 DIVISION ST","0414 049","Private","VBNs with open permits for increment","VBNs with open permits for increment","West IIA/WNADA"
"603 PITCHER ST","0360 028","City","MCC-owned VBN","MCC-owned VBN","West IIA/WNADA"
"601 PITCHER ST","0360 029","City","MCC-owned VBN","MCC-owned VBN","West IIA/WNADA"
"1245 W LOMBARD ST","0249 033","Private","VBNs with open permits for increment","Tranche Zero permits expired","Southwest Partnership IIA"
"701 DOLPHIN ST","0430 001","Private","VBNs with open permits for increment","VBNs with open permits for increment","West IIA/WNADA"
"707 DOLPHIN ST","0430 004","Private","VBNs with open permits for increment","Tranche Zero permits expired","West IIA/WNADA"
"731 DOLPHIN ST","0430 016","Private","VBNs with open permits for increment","Tranche Zero permits expired","West IIA/WNADA"
"735 DOLPHIN ST","0430 018","Private","VBNs with open permits for increment","Tranche Zero permits expired","West IIA/WNADA"
"743 DOLPHIN ST","0430 022","Private","Other VBN Acquisition on Priority Block","Other VBN Acquisition on Priority Block","West IIA/WNADA"
"747 DOLPHIN ST","0430 024","City","MCC-owned VBN","MCC-owned VBN","West IIA/WNADA"
"749 DOLPHIN ST","0430 025","Private","Other VBN Acquisition on Priority Block","Other VBN Acquisition on Priority Block","West IIA/WNADA"
"114 S FULTON AVE","0243 059","Private","In Rem Eligible VBN","In Rem Eligible VBN","Carrollton Ridge"
"112 S FULTON AVE","0243 060","Private","In Rem Eligible VBN","In Rem Eligible VBN","Carrollton Ridge"
"810 W LANVALE ST","0392 053","Private","VBNs with open permits for increment","VBNs with open permits for increment","West IIA/WNADA"
"806 W LANVALE ST","0392 055","Private","VBNs with open permits for increment","Tranche Zero permits expired","West IIA/WNADA"
"804 W LANVALE ST","0392 056","Private","VBNs with open permits for increment","VBNs with open permits for increment","West IIA/WNADA"
"802 W LANVALE ST","0392 057","Private","VBNs with open permits for increment","Tranche Zero permits expired","West IIA/WNADA"
"1319 MYRTLE AVE","0393 047","City","MCC-owned VBN","MCC-owned VBN","West IIA/WNADA"
"1311 MYRTLE AVE","0393 051","City","MCC-owned VBN","MCC-owned VBN","West IIA/WNADA"
"1309 MYRTLE AVE","0393 052","City","MCC-owned VBN","MCC-owned VBN","West IIA/WNADA"
"1307 MYRTLE AVE","0393 053","City","MCC-owned VBN","MCC-owned VBN","West IIA/WNADA"
"1305 MYRTLE AVE","0393 054","City","MCC-owned VBN","MCC-owned VBN","West IIA/WNADA"
"707 MURA ST","1155 073","Private","VBNs with open permits for increment","VBNs with open permits for increment","Johnston Square IIA"
"711 MURA ST","1155 075","Private","VBNs with open permits for increment","VBNs with open permits for increment","Johnston Square IIA"
"719 MURA ST","1155 079","City","MCC-owned VBN","MCC-owned VBN","Johnston Square IIA"
"721 MURA ST","1155 080","Private","Vacant Buildings Necessary for Development Project","Vacant Buildings Necessary for Development Project","Johnston Square IIA"
"730 MURA ST","1155 087","Private","MCC-owned VBN","MCC-owned VBN","Johnston Square IIA"
"726 MURA ST","1155 089","City","MCC-owned VBN","MCC-owned VBN","Johnston Square IIA"
"722 MURA ST","1155 091","City","Vacant Buildings Necessary for Development Project","Vacant Buildings Necessary for Development Project","Johnston Square IIA"
"718 MURA ST","1155 093","City","Vacant Buildings Necessary for Development Project","Vacant Buildings Necessary for Development Project","Johnston Square IIA"
"714 MURA ST","1155 095","City","Vacant Buildings Necessary for Development Project","Vacant Buildings Necessary for Development Project","Johnston Square IIA"
"833 EDMONDSON AVE","0469 016","Private","VBNs with open permits for increment","VBNs with open permits for increment","West IIA/WNADA"
"1021 BRENTWOOD AVE","1180 025","City","MCC-owned VBN","MCC-owned VBN","Johnston Square IIA"
"1019 BRENTWOOD AVE","1180 026","City","MCC-owned VBN","MCC-owned VBN","Johnston Square IIA"
"1329 ARGYLE AVE","0394 041","City","MCC-owned VBN","MCC-owned VBN","West IIA/WNADA"
"1315 ARGYLE AVE","0394 048","Private","In Rem Eligible VBN","In Rem Eligible VBN","West IIA/WNADA"
"1313 ARGYLE AVE","0394 049","Private","2023 Rehabs/Sales for First Increment","Former rehabbed VBN with new VBN","West IIA/WNADA"
"1309 ARGYLE AVE","0394 051","City","MCC-owned VBN","MCC-owned VBN","West IIA/WNADA"
"1227 VALLEY ST","1157 051","City","MCC-owned VBN","MCC-owned VBN","Johnston Square IIA"
"1221 VALLEY ST","1157 054","City","MCC-owned VBN","MCC-owned VBN","Johnston Square IIA"
"1219 VALLEY ST","1157 055","City","MCC-owned VBN","MCC-owned VBN","Johnston Square IIA"
"1215 VALLEY ST","1157 057","City","MCC-owned VBN","MCC-owned VBN","Johnston Square IIA"
"1209 VALLEY ST","1157 060","City","MCC-owned VBN","MCC-owned VBN","Johnston Square IIA"
"1425 MYRTLE AVE","0373 038","Private","VBNs with open permits for increment","Tranche Zero permits expired","West IIA/WNADA"
"1417 MYRTLE AVE","0373 042","Private","VBNs with open permits for increment","Tranche Zero permits expired","West IIA/WNADA"
"1407 MYRTLE AVE","0373 047","City","MCC-owned VBN","MCC-owned VBN","West IIA/WNADA"
"1405 MYRTLE AVE","0373 048","City","MCC-owned VBN","MCC-owned VBN","West IIA/WNADA"
"1213 GREENMOUNT AVE","1155 006","Private","Vacant Buildings Necessary for Development Project","Vacant Buildings Necessary for Development Project","Johnston Square IIA"
"705 E PRESTON ST","1155 017","City","Vacant Buildings Necessary for Development Project","Vacant Buildings Necessary for Development Project","Johnston Square IIA"
"710 MURA ST","1155 097","City","Vacant Buildings Necessary for Development Project","Vacant Buildings Necessary for Development Project","Johnston Square IIA"
"702 MURA ST","1155 101","City","Vacant Buildings Necessary for Development Project","Vacant Buildings Necessary for Development Project","Johnston Square IIA"
"912 E BIDDLE ST","1157 007","City","Vacant Buildings Necessary for Development Project","Vacant Buildings Necessary for Development Project","Johnston Square IIA"
"936 E BIDDLE ST","1157 019","City","Vacant Buildings Necessary for Development Project","Vacant Buildings Necessary for Development Project","Johnston Square IIA"
"1406 MYRTLE AVE","0372 002","Private","VBNs with open permits for increment","Tranche Zero permits expired","West IIA/WNADA"
"1311 DIVISION ST","0396 040","Private","VBNs with open permits for increment","VBNs with open permits for increment","West IIA/WNADA"
"1301 DIVISION ST","0396 045","Private","VBNs with open permits for increment","VBNs with open permits for increment","West IIA/WNADA"
"521 N DECKER AVE","1661 045","Private","VBNs with open permits for increment","VBNs with open permits for increment","Ellwood Park/Monument Strategic Blocks"
"625 N ELLWOOD AVE","1647 001L","Private","In Rem Eligible VBN","In Rem Eligible VBN",""
"1103 GREENMOUNT AVE","1169 058","Private","Vacant Buildings Necessary for Development Project","Vacant Buildings Necessary for Development Project","Johnston Square IIA"
"1827 W SARATOGA ST","0163 046","Private","In Rem Eligible VBN","In Rem Eligible VBN","Southwest Partnership IIA"
"238 N FULTON AVE","0163 067","Private","In Rem Eligible VBN","In Rem Eligible VBN","Southwest Partnership IIA"
"220 N FULTON AVE","0163 073","Private","In Rem Eligible VBN","In Rem Eligible VBN","Southwest Partnership IIA"
"216 N FULTON AVE","0163 075","Private","In Rem Eligible VBN","In Rem Eligible VBN","Southwest Partnership IIA"
"204 N FULTON AVE","0163 081","Private","In Rem Eligible VBN","In Rem Eligible VBN","Southwest Partnership IIA"
"202 N FULTON AVE","0163 082","Private","In Rem Eligible VBN","In Rem Eligible VBN","Southwest Partnership IIA"
"224 S CALHOUN ST","0264 050","Private","VBNs with open permits for increment","Tranche Zero permits expired","Southwest Partnership IIA"
"1315 W PRATT ST","0265 008","City","In Rem Eligible VBN","In Rem Eligible VBN","Southwest Partnership IIA"
"1321 W PRATT ST","0265 011","Private","VBNs with open permits for increment","Tranche Zero permits expired","Southwest Partnership IIA"
"1323 W PRATT ST","0265 012","Private","VBNs with open permits for increment","VBNs with open permits for increment","Southwest Partnership IIA"
"1329 W PRATT ST","0265 015","City","In Rem Eligible VBN","In Rem Eligible VBN","Southwest Partnership IIA"
"1331 W PRATT ST","0265 016","City","In Rem Eligible VBN","In Rem Eligible VBN","Southwest Partnership IIA"
"1333 W PRATT ST","0265 017","City","In Rem Eligible VBN","In Rem Eligible VBN","Southwest Partnership IIA"
"1224 W LOMBARD ST","0233 035","Private","In Rem Eligible VBN","In Rem Eligible VBN","Southwest Partnership IIA"
"211 S CALHOUN ST","0265 025","Private","VBNs with open permits for increment","Tranche Zero permits expired","Southwest Partnership IIA"
"237 S CALHOUN ST","0265 038","Private","In Rem Eligible VBN","In Rem Eligible VBN","Southwest Partnership IIA"
"1326 MCHENRY ST","0265 049","Private","VBNs with open permits for increment","Tranche Zero permits expired","Southwest Partnership IIA"
"710 N CARROLLTON AVE","0102 006","Private","VBNs with open permits for increment","VBNs with open permits for increment","Harlem Park"
"1211 W LANVALE ST","0102 024","Private","Other VBN Acquisition on Priority Block","Other VBN Acquisition on Priority Block","Harlem Park"
"1215 W LANVALE ST","0102 026","Private","Other VBN Acquisition on Priority Block","Other VBN Acquisition on Priority Block","Harlem Park"
"535 N CARROLLTON AVE","0127 031","Private","VBNs with open permits for increment","Tranche Zero permits expired","Harlem Park"
"1003 E BIDDLE ST","1172 041","City","MCC-owned VBN","MCC-owned VBN","Johnston Square IIA"
"1005 E BIDDLE ST","1172 042","City","MCC-owned VBN","MCC-owned VBN","Johnston Square IIA"
"1025 E BIDDLE ST","1172 052","City","MCC-owned VBN","MCC-owned VBN","Johnston Square IIA"
"2773 W NORTH AVE","2402 007","Private","VBNs with open permits for increment","VBNs with open permits for increment","WNADA"
"2737 W NORTH AVE","2402 025","Private","In Rem Eligible VBN","In Rem Eligible VBN","WNADA"
"1822 ASHBURTON ST","2402 027","Private","In Rem Eligible VBN","In Rem Eligible VBN","WNADA"
"1816 ASHBURTON ST","2402 030","Private","In Rem Eligible VBN","In Rem Eligible VBN","WNADA"
"1814 ASHBURTON ST","2402 031","Private","In Rem Eligible VBN","In Rem Eligible VBN","WNADA"
"2805 W NORTH AVE","2406 003","City","In Rem Eligible VBN","In Rem Eligible VBN","WNADA"
"2807 W NORTH AVE","2406 004","City","In Rem Eligible VBN","In Rem Eligible VBN","WNADA"
"2809 W NORTH AVE","2406 005","City","In Rem Eligible VBN","In Rem Eligible VBN","WNADA"
"2813 W NORTH AVE","2406 007","City","In Rem Eligible VBN","In Rem Eligible VBN","WNADA"
"2817 W NORTH AVE","2406 009","City","In Rem Eligible VBN","In Rem Eligible VBN","WNADA"
"2819 W NORTH AVE","2406 010","City","In Rem Eligible VBN","In Rem Eligible VBN","WNADA"
"2823 W NORTH AVE","2406 012","City","In Rem Eligible VBN","In Rem Eligible VBN","WNADA"
"2831 W NORTH AVE","2406 016","City","In Rem Eligible VBN","In Rem Eligible VBN","WNADA"
"2833 W NORTH AVE","2406 017","City","In Rem Eligible VBN","In Rem Eligible VBN","WNADA"
"2837 W NORTH AVE","2406 019","City","In Rem Eligible VBN","In Rem Eligible VBN","WNADA"
"2839 W NORTH AVE","2406 020","City","In Rem Eligible VBN","In Rem Eligible VBN","WNADA"
"2845 W NORTH AVE","2406 023","Private","VBNs with open permits for increment","Tranche Zero permits expired","WNADA"
"2859 W NORTH AVE","2406 030","City","In Rem Eligible VBN","In Rem Eligible VBN","WNADA"
"2727 W NORTH AVE","2401A014","Private","In Rem Eligible VBN","In Rem Eligible VBN","WNADA"
"2910 W NORTH AVE","3004 004","Private","VBNs with open permits for increment","VBNs with open permits for increment","WNADA"
"2914 W NORTH AVE","3004 006","City","In Rem Eligible VBN","In Rem Eligible VBN","WNADA"
"2918 W NORTH AVE","3004 008","City","In Rem Eligible VBN","In Rem Eligible VBN","WNADA"
"2926 W NORTH AVE","3004 012","City","In Rem Eligible VBN","In Rem Eligible VBN","WNADA"
"2930 W NORTH AVE","3004 014","Private","In Rem Eligible VBN","In Rem Eligible VBN","WNADA"
"2938 W NORTH AVE","3004 018","City","In Rem Eligible VBN","In Rem Eligible VBN","WNADA"
"2940 W NORTH AVE","3004 019","City","In Rem Eligible VBN","In Rem Eligible VBN","WNADA"
"2944 W NORTH AVE","3004 021","City","MCC-owned VBN","MCC-owned VBN","WNADA"
"2952 W NORTH AVE","3004 025","Private","In Rem Eligible VBN","In Rem Eligible VBN","WNADA"
"2958 W NORTH AVE","3004 028","Private","In Rem Eligible VBN","In Rem Eligible VBN","WNADA"
"2042 RUXTON AVE","3214 071","Private","VBNs with open permits for increment","Tranche Zero permits expired","WNADA"
"2140 WALBROOK AVE","3212 021","Private","In Rem Eligible VBN","In Rem Eligible VBN","WNADA"
"2142 WALBROOK AVE","3212 022","Private","In Rem Eligible VBN","In Rem Eligible VBN","WNADA"
"2007 N SMALLWOOD ST","3212 027","City","In Rem Eligible VBN","In Rem Eligible VBN","WNADA"
"2023 N SMALLWOOD ST","3212 035","City","In Rem Eligible VBN","In Rem Eligible VBN","WNADA"
"2025 N SMALLWOOD ST","3212 036","Private","In Rem Eligible VBN","In Rem Eligible VBN","WNADA"
"2105 CLIFTON AVE","3212 048","Private","In Rem Eligible VBN","In Rem Eligible VBN","WNADA"
"2026 N PULASKI ST","3212 052","Private","VBNs with open permits for increment","VBNs with open permits for increment","WNADA"
"2020 N PULASKI ST","3212 055","City","In Rem Eligible VBN","In Rem Eligible VBN","WNADA"
"2103 RIDGEHILL AVE","3212 067","City","In Rem Eligible VBN","In Rem Eligible VBN","WNADA"
"2105 RIDGEHILL AVE","3212 068","City","In Rem Eligible VBN","In Rem Eligible VBN","WNADA"
"2107 RIDGEHILL AVE","3212 069","City","In Rem Eligible VBN","In Rem Eligible VBN","WNADA"
"2113 RIDGEHILL AVE","3212 072","City","In Rem Eligible VBN","In Rem Eligible VBN","WNADA"
"2115 RIDGEHILL AVE","3212 073","City","In Rem Eligible VBN","In Rem Eligible VBN","WNADA"
"2117 RIDGEHILL AVE","3212 074","Private","In Rem Eligible VBN","In Rem Eligible VBN","WNADA"
"2119 RIDGEHILL AVE","3212 075","City","In Rem Eligible VBN","In Rem Eligible VBN","WNADA"
"2127 RIDGEHILL AVE","3212 079","Private","In Rem Eligible VBN","In Rem Eligible VBN","WNADA"
"2122 RIDGEHILL AVE","3212 081","City","In Rem Eligible VBN","In Rem Eligible VBN","WNADA"
"2112 RIDGEHILL AVE","3212 086","City","In Rem Eligible VBN","In Rem Eligible VBN","WNADA"
"2106 RIDGEHILL AVE","3212 089","City","In Rem Eligible VBN","In Rem Eligible VBN","WNADA"
"2102 RIDGEHILL AVE","3212 091","City","In Rem Eligible VBN","In Rem Eligible VBN","WNADA"
"2100 RIDGEHILL AVE","3212 092","Private","In Rem Eligible VBN","In Rem Eligible VBN","WNADA"
"2001 N BENTALOU ST","3213 017","Private","In Rem Eligible VBN","In Rem Eligible VBN","WNADA"
"2045 RUXTON AVE","3214 047","Private","In Rem Eligible VBN","In Rem Eligible VBN","WNADA"
"1912 N PULASKI ST","3205 007","Private","VBNs with open permits for increment","Tranche Zero permits expired","WNADA"
"2802 W NORTH AVE","3005 002","City","In Rem Eligible VBN","In Rem Eligible VBN","WNADA"
"2818 W NORTH AVE","3005 007","City","In Rem Eligible VBN","In Rem Eligible VBN","WNADA"
"2848 W NORTH AVE","3005 021","City","In Rem Eligible VBN","In Rem Eligible VBN","WNADA"
"2850 W NORTH AVE","3005 022","City","In Rem Eligible VBN","In Rem Eligible VBN","WNADA"
"2017 N BENTALOU ST","3213 025","Private","In Rem Eligible VBN","In Rem Eligible VBN","WNADA"
"2019 N BENTALOU ST","3213 026","Private","VBNs with open permits for increment","Tranche Zero permits expired","WNADA"
"2117 WALBROOK AVE","3205 017","Private","VBNs with open permits for increment","Tranche Zero permits expired","WNADA"
"2139 WALBROOK AVE","3205 028","City","MCC-owned VBN","MCC-owned VBN","WNADA"
"2045 N BENTALOU ST","3213 039","Private","VBNs with open permits for increment","Tranche Zero permits expired","WNADA"
"2102 CLIFTON AVE","3260 002","Private","VBNs with open permits for increment","VBNs with open permits for increment","WNADA"
"2108 N PULASKI ST","3260 049","Private","In Rem Eligible VBN","In Rem Eligible VBN","WNADA"
"2120 N SMALLWOOD ST","3261A012","Private","VBNs with open permits for increment","Tranche Zero permits expired","WNADA"
"2852 HARFORD ROAD","3936 001","Private","ARPA Acquisition","ARPA Acquisition","Coldstream Homestead Montebello IIA"
"2876 HARFORD ROAD","3937 003","City","MCC-owned VBN","MCC-owned VBN","Coldstream Homestead Montebello IIA"
"2866 HARFORD ROAD","3937 008","City","ARPA Acquisition","ARPA Acquisition","Coldstream Homestead Montebello IIA"
"2862 HARFORD ROAD","3937 010","Private","ARPA Acquisition","ARPA Acquisition","Coldstream Homestead Montebello IIA"
"2854 HARFORD ROAD","3937 014","City","Vacant Buildings Necessary for Development Project","Vacant Buildings Necessary for Development Project","Coldstream Homestead Montebello IIA"
"2791 THE ALAMEDA ","3935 060","City","ARPA Acquisition","ARPA Acquisition","Coldstream Homestead Montebello IIA"
"645 BARTLETT AVE","4041 047","Private","Vacant Buildings Necessary for Development Project","Vacant Buildings Necessary for Development Project","East Baltimore Midway IIA"
"1917 HOMEWOOD AVE","4002 034","Private","In Rem Eligible VBN","In Rem Eligible VBN","East Baltimore Midway IIA"
"1915 HOMEWOOD AVE","4002 035","Private","In Rem Eligible VBN","In Rem Eligible VBN","East Baltimore Midway IIA"
"1913 HOMEWOOD AVE","4002 036","Private","In Rem Eligible VBN","In Rem Eligible VBN","East Baltimore Midway IIA"
"2713 THE ALAMEDA ","3935 021","Private","ARPA Acquisition","ARPA Acquisition","Coldstream Homestead Montebello IIA"
"2725 THE ALAMEDA ","3935 027","City","ARPA Acquisition","ARPA Acquisition","Coldstream Homestead Montebello IIA"
"2789 THE ALAMEDA ","3935 059","Private","In Rem Eligible VBN","In Rem Eligible VBN","Coldstream Homestead Montebello IIA"
"1415 DARLEY AVE","4163 013","City","In Rem Eligible VBN","In Rem Eligible VBN","Darley Park"
"1417 DARLEY AVE","4163 014","City","MCC-owned VBN","MCC-owned VBN","Darley Park"
"1526 GORSUCH AVE","4131 008","Private","VBNs with open permits for increment","VBNs with open permits for increment","Coldstream Homestead Montebello IIA"
"1553 CARSWELL ST","4131 028","Private","In Rem Eligible VBN","In Rem Eligible VBN","Coldstream Homestead Montebello IIA"
"1549 CARSWELL ST","4131 029A","Private","In Rem Eligible VBN","In Rem Eligible VBN","Coldstream Homestead Montebello IIA"
"1547 CARSWELL ST","4131 029B","Private","In Rem Eligible VBN","In Rem Eligible VBN","Coldstream Homestead Montebello IIA"
"1519 CARSWELL ST","4131 039B","Private","In Rem Eligible VBN","In Rem Eligible VBN","Coldstream Homestead Montebello IIA"
"1502 CARSWELL ST","4132 001A","Private","In Rem Eligible VBN","In Rem Eligible VBN","Coldstream Homestead Montebello IIA"
"1508 CARSWELL ST","4132 002","Private","In Rem Eligible VBN","In Rem Eligible VBN","Coldstream Homestead Montebello IIA"
"1554 CARSWELL ST","4132 020","City","In Rem Eligible VBN","In Rem Eligible VBN","Coldstream Homestead Montebello IIA"
"1556 CARSWELL ST","4132 021","Private","In Rem Eligible VBN","In Rem Eligible VBN","Coldstream Homestead Montebello IIA"
"1560 CARSWELL ST","4132 023","Private","In Rem Eligible VBN","In Rem Eligible VBN","Coldstream Homestead Montebello IIA"
"1414 DARLEY AVE","4164 008","City","In Rem Eligible VBN","In Rem Eligible VBN","Darley Park"
"2793 THE ALAMEDA ","3935 062","Private","ARPA Acquisition","ARPA Acquisition","Coldstream Homestead Montebello IIA"
"1621 CLIFTVIEW AVE","4164A011","Private","VBNs with open permits for increment","Tranche Zero permits expired","Darley Park"
"1725 CLIFTVIEW AVE","4164B052","City","MCC-owned VBN","MCC-owned VBN","Darley Park"
"1727 CLIFTVIEW AVE","4164B053","City","MCC-owned VBN","MCC-owned VBN","Darley Park"
"619 GUTMAN AVE","4041A036","Private","Vacant Buildings Necessary for Development Project","Vacant Buildings Necessary for Development Project","East Baltimore Midway IIA"
"625 GUTMAN AVE","4041A039","Private","Vacant Buildings Necessary for Development Project","Vacant Buildings Necessary for Development Project","East Baltimore Midway IIA"
"1517 HOMESTEAD ST","4108 003","Private","VBNs with open permits for increment","Tranche Zero permits expired","Coldstream Homestead Montebello IIA"
"1521 HOMESTEAD ST","4108 004","Private","In Rem Eligible VBN","In Rem Eligible VBN","Coldstream Homestead Montebello IIA"
"1545 HOMESTEAD ST","4108 010","Private","VBNs with open permits for increment","VBNs with open permits for increment","Coldstream Homestead Montebello IIA"
"1547 HOMESTEAD ST","4108 011","Private","In Rem Eligible VBN","In Rem Eligible VBN","Coldstream Homestead Montebello IIA"
"1534 HOMESTEAD ST","4108 013","Private","VBNs with open permits for increment","VBNs with open permits for increment","Coldstream Homestead Montebello IIA"
"1524 HOMESTEAD ST","4108 018","Private","In Rem Eligible VBN","In Rem Eligible VBN","Coldstream Homestead Montebello IIA"
"720 E 21ST ST","4020 011","City","In Rem Eligible VBN","In Rem Eligible VBN","East Baltimore Midway IIA"
"1680 DARLEY AVE","4164A083","Private","VBNs with open permits for increment","Tranche Zero permits expired","Darley Park"
"1682 DARLEY AVE","4164A084","Private","In Rem Eligible VBN","In Rem Eligible VBN","Darley Park"
"1686 DARLEY AVE","4164A086","City","In Rem Eligible VBN","In Rem Eligible VBN","Darley Park"
"1690 DARLEY AVE","4164A088","City","In Rem Eligible VBN","In Rem Eligible VBN","Darley Park"
"5316 MAPLE AVE","4536A121","Private","Vacant Buildings Necessary for Development Project","Vacant Buildings Necessary for Development Project","Park Heights IIA"
"5314 MAPLE AVE","4536A122","Private","In Rem Eligible VBN","In Rem Eligible VBN","Park Heights IIA"
"5310 MAPLE AVE","4536A124","Private","Vacant Buildings Necessary for Development Project","Vacant Buildings Necessary for Development Project","Park Heights IIA"
"5306 MAPLE AVE","4536A126","Private","In Rem Eligible VBN","In Rem Eligible VBN","Park Heights IIA"
"5300 MAPLE AVE","4536A129","Private","In Rem Eligible VBN","In Rem Eligible VBN","Park Heights IIA"
"1700 NORMAL AVE","4166C026","Private","VBNs with open permits for increment","Tranche Zero permits expired","Darley Park"
"1702 NORMAL AVE","4166C027","Private","VBNs with open permits for increment","Tranche Zero permits expired","Darley Park"
"1724 NORMAL AVE","4166C038","Private","VBNs with open permits for increment","Tranche Zero permits expired","Darley Park"
"1726 NORMAL AVE","4166C039","Private","VBNs with open permits for increment","VBNs with open permits for increment","Darley Park"
"1504 CLIFTVIEW AVE","4165 017","Private","VBNs with open permits for increment","Tranche Zero permits expired","Darley Park"
"1600 CLIFTVIEW AVE","4165 024","Private","VBNs with open permits for increment","VBNs with open permits for increment","Darley Park"
"1618 CLIFTVIEW AVE","4165 033","Private","MCC-owned VBN","MCC-owned VBN","Darley Park"
"1666 CLIFTVIEW AVE","4165 057","Private","VBNs with open permits for increment","VBNs with open permits for increment","Darley Park"
"1643 NORMAL AVE","4165 081","City","In Rem Eligible VBN","In Rem Eligible VBN","Darley Park"
"1773 DARLEY AVE","4163B035","Private","VBNs with open permits for increment","VBNs with open permits for increment","Darley Park"
"1404 DARLEY AVE","4164 003","Private","MCC-owned VBN","MCC-owned VBN","Darley Park"
"504 E 23RD ST","4024 055","Private","In Rem Eligible VBN","In Rem Eligible VBN","East Baltimore Midway IIA"
"2118 N WOLFE ST","4164B031","Private","In Rem Eligible VBN","In Rem Eligible VBN","Darley Park"
"2122 N WOLFE ST","4164B033","Private","In Rem Eligible VBN","In Rem Eligible VBN","Darley Park"
"1713 CLIFTVIEW AVE","4164B046","City","In Rem Eligible VBN","In Rem Eligible VBN","Darley Park"
"1618 NORMAL AVE","4166 046","Private","In Rem Eligible VBN","In Rem Eligible VBN","Darley Park"
"1628 NORMAL AVE","4166 051","Private","VBNs with open permits for increment","VBNs with open permits for increment","Darley Park"
"1644 NORMAL AVE","4166 059","Private","VBNs with open permits for increment","Tranche Zero permits expired","Darley Park"
"1648 NORMAL AVE","4166 061","Private","VBNs with open permits for increment","VBNs with open permits for increment","Darley Park"
"1630 E 25TH ST","4166A016","Private","VBNs with open permits for increment","Tranche Zero permits expired","Darley Park"
"1648 E 25TH ST","4166A025","City","MCC-owned VBN","MCC-owned VBN","Darley Park"
"1656 E 25TH ST","4166A029","Private","VBNs with open permits for increment","VBNs with open permits for increment","Darley Park"
"1657 DARLEY AVE","4163A029","City","In Rem Eligible VBN","In Rem Eligible VBN","Darley Park"
"1693 DARLEY AVE","4163A047","Private","VBNs with open permits for increment","Tranche Zero permits expired","Darley Park"
"3310 W BELVEDERE AVE","4552 016","Private","In Rem Eligible VBN","In Rem Eligible VBN","Park Heights IIA"
"3353 W BELVEDERE AVE","4580 020","City","MCC-owned VBN","MCC-owned VBN","Park Heights IIA"
"3355 W BELVEDERE AVE","4580 021","Private","VBNs with open permits for increment","VBNs with open permits for increment","Park Heights IIA"
"3027 W BELVEDERE AVE","4586 018","Private","In Rem Eligible VBN","In Rem Eligible VBN","Park Heights IIA"
"3604 W BELVEDERE AVE","4544C036","City","MCC-owned VBN","MCC-owned VBN","Park Heights IIA"
"3610 W BELVEDERE AVE","4544C039","Private","In Rem Eligible VBN","In Rem Eligible VBN","Park Heights IIA"
"3708 W BELVEDERE AVE","4544D029","Private","In Rem Eligible VBN","In Rem Eligible VBN","Park Heights IIA"
"5118 QUEENSBERRY AVE","4586 045","Private","In Rem Eligible VBN","In Rem Eligible VBN","Park Heights IIA"
"5017 PALMER AVE","4587 023","Private","In Rem Eligible VBN","In Rem Eligible VBN","Park Heights IIA"
"3067 SPAULDING AVE","4587 029","Private","Vacant Buildings Necessary for Development Project","Vacant Buildings Necessary for Development Project","Park Heights IIA"
"3065 SPAULDING AVE","4587 030","Private","Vacant Buildings Necessary for Development Project","Vacant Buildings Necessary for Development Project","Park Heights IIA"
"3045 SPAULDING AVE","4587 040","Private","In Rem Eligible VBN","In Rem Eligible VBN","Park Heights IIA"
"5115 CHALGROVE AVE","4589 008","Private","In Rem Eligible VBN","In Rem Eligible VBN","Park Heights IIA"
"5100 PEMBRIDGE AVE","4589 019","Private","VBNs with open permits for increment","Tranche Zero permits expired","Park Heights IIA"
"3703 W BELVEDERE AVE","4575 019","City","ARPA Acquisition","ARPA Acquisition","Park Heights IIA"
"2106 N WOLFE ST","4158 052","Private","VBNs with open permits for increment","Tranche Zero permits expired","Darley Park"
"2137 HARFORD ROAD","4163 005","City","In Rem Eligible VBN","In Rem Eligible VBN","Darley Park"
"5037 QUEENSBERRY AVE","4594 019","Private","VBNs with open permits for increment","VBNs with open permits for increment","Park Heights IIA"
"5025 QUEENSBERRY AVE","4594 013","Private","In Rem Eligible VBN","In Rem Eligible VBN","Park Heights IIA"
"3137 MCELDERRY ST","6155 018","Private","VBNs with open permits for increment","VBNs with open permits for increment","Ellwood Park/Monument Strategic Blocks"
"1604 HAZEL ST","7225 019","Private","VBNs with open permits for increment","VBNs with open permits for increment","Curtis Bay"
"1623 LOCUST ST","7225 031","Private","VBNs with open permits for increment","Tranche Zero permits expired","Curtis Bay"
"4204 MORRISON CT","7228 011","Private","Vacant Buildings Necessary for Development Project","Vacant Buildings Necessary for Development Project","Curtis Bay"
"4202 MORRISON CT","7228 012","Private","VBNs with open permits for increment","Tranche Zero permits expired","Curtis Bay"
"4200 MORRISON CT","7228 013","Private","VBNs with open permits for increment","Tranche Zero permits expired","Curtis Bay"
"4105 MORRISON CT","7229 039","City","In Rem Eligible VBN","In Rem Eligible VBN","Curtis Bay"
"4114 MORRISON CT","7229 053","Private","VBNs with open permits for increment","Tranche Zero permits expired","Curtis Bay"
"429 N EAST AVE","6159 044","Private","VBNs with open permits for increment","VBNs with open permits for increment","Ellwood Park/Monument Strategic Blocks"
"1626 PLUM ST","7261 030","City","In Rem Eligible VBN","In Rem Eligible VBN","Curtis Bay"
"4025 PENNINGTON AVE","7261 043","Private","In Rem Eligible VBN","In Rem Eligible VBN","Curtis Bay"
"2233 SIDNEY AVE","7441A002","Private","VBNs with open permits for increment","Tranche Zero permits expired","Westport"
"2224 ANNAPOLIS ROAD","7443 011","Private","VBNs with open permits for increment","Tranche Zero permits expired","Westport"
"2228 ANNAPOLIS ROAD","7443 013","Private","VBNs with open permits for increment","Tranche Zero permits expired","Westport"
"2311 ANNAPOLIS ROAD","7446 006","Private","VBNs with open permits for increment","Tranche Zero permits expired","Westport"
